,MSE,MAE,MAPE,FQN,R2
0,0.0026704996034505693,0.0384957881151704,437.3112390520193,5.250561425099639,0.9293317522293846
